Año de Fecha,Tipo Huevo,Canal,Ciudad ,Uds,Prom. Uds,Precio Full,Precio,Costo Pcc ,Empaque ,Clasificación ,Almacenamiento,1era Milla,Admon UM/Huevo,Log UM Veh,Total Ccial UM,Ccial UM,Mercaderismo,Staff ,Mercadeo ,Otros G.Venta,Admon ,Depreciaciones,Dev Total ,Averías Post Entrega,EBITDA (Ccial Ajustado)/Huevo,Mg. Ebitda Ccial,Prom. Dias Cartera,Cartera,Ebitda (Cartera),Mg Ebitda.
2025,A,AU ESP,BARRANQUILLA,"154,200","25,700",440.07,423.17,289.19,11.6,18.25,3.78,17.14,11.56,33.59,19.42,19.42,0,3.15,3.64,8.39,20.94,8.31,0.11,0,-9.25,-0.02,25,4.58,-14.81,-0.04
2025,A,AU ESP,BOGOTA,"335,760","83,940",336.01,335.5,289.46,27.89,22.54,3.24,26.93,1.96,12.69,22.75,22.75,0,2.23,0.07,6.86,17.86,8.01,0,0.06,-91.02,-0.27,38,10.33,-100.73,-0.3
2025,A,AU ESP,BUCARAMANGA,"8,970","2,243",433,433,288.21,14.84,23.86,3.71,6.36,7.44,26.43,1.11,1.11,0,2.59,0,7.38,19.71,8.16,0.12,0,39.4,0.09,33,13.43,20.67,0.05
2025,A,AU ESP,CALI,"1,026,450","342,150",323.36,322.2,288.19,16.04,24.44,3.51,6.37,12.74,23.67,10.07,10.07,0,2.46,0,6.48,17.42,8.07,0,0.97,-82.1,-0.25,22,4.45,-84.54,-0.26
2025,A,AU ESP,CARTAGENA,"148,170","24,695",483.57,460.05,290.03,9.86,15.05,3.78,17.56,13.82,15.29,6.45,6.45,0,3.35,5.14,9.27,22.53,8.37,0.09,0,56.21,0.12,24,4.23,52.68,0.11
2025,A,AU ESP,MEDELLIN,"158,430","52,810",338.41,338.41,287.94,16.01,24.82,3.57,24.23,14.79,27.62,12.48,12.48,0,2.51,0,6.41,17.33,8.09,0.06,0.22,-91.52,-0.27,48,7.49,-97.64,-0.29
2025,A,AU ESP,MONTERIA,"51,000","51,000",333,333,287.15,15.91,26.04,3.76,37.33,9.73,19.66,0,0,0,2.67,0,6.19,17.04,8.13,0,0,-84.36,-0.25,28,5.28,-113.85,-0.34
2025,A,AU ESP,SANTA MARTA,"46,320","7,720",483.19,457.27,291.08,9.88,15.54,3.82,19.42,7.93,38.55,5.22,5.22,0,3.37,4.91,9.11,21.72,8.33,0,0,35.05,0.08,24,3.96,31.09,0.07
2025,A,AU ESP,SINCELEJO,"49,200","24,600",386.71,386.71,291.81,8.2,15.48,3.67,28.77,25.37,0,0,0,0,3.06,4.86,8.78,19.76,8.54,0,0,-14.52,-0.04,0,0,-3.86,-0.01
2025,A,FS,BARRANQUILLA,"1,165,008","194,168",499.61,499.61,291.07,13.97,16.55,3.84,15.05,10.73,34.97,21.46,21.46,0,3.69,5.2,9.87,23.79,8.41,0.02,0,57.81,0.12,29,30.13,26.49,0.05
2025,A,FS,BOGOTA,"1,101,088","183,515",531.08,531.08,290.29,9.9,15.87,3.76,20.6,17.71,40.55,26.93,26.93,0,3.63,4.83,9.99,24.5,8.38,0.28,0,70.62,0.13,59,44.2,31.97,0.06
2025,A,FS,BUCARAMANGA,"1,405,106","234,184",526.99,526.99,289.15,18.01,15.92,3.71,4.05,7.94,31.9,0.86,0.86,0,3.64,5.09,10.16,25.56,8.34,0.02,0,119.32,0.23,52,42.95,70.99,0.13
2025,A,FS,CALI,"609,715","101,619",515.22,515.22,290.01,13.42,15.58,3.75,5.05,16,28,15.44,15.44,0,3.65,5.02,10.05,24.87,8.35,0.05,0,92.66,0.18,46,27.26,66.75,0.13
2025,A,FS,CARTAGENA,"3,766,016","627,669",460.83,460.83,290.31,12.09,15.92,3.79,18.08,13.02,14.43,5.77,5.77,0,3.64,4.86,9.94,24.38,8.38,0.12,0,52.87,0.11,19,3.41,50.06,0.11
2025,A,FS,MEDELLIN,"1,298,823","216,471",495.92,495.92,289.85,10.02,15.42,3.75,11.99,16.8,33.02,15.8,15.8,0,3.64,5.21,9.99,24.89,8.34,0.08,0,63.79,0.13,45,23.96,42.64,0.09
2025,A,FS,PEREIRA,"1,500","1,500",559.9,559.9,288.13,10,14.17,4.04,7.77,9.21,13.71,0,0,0,3.08,8.67,8.79,23.86,8.18,0,0,176.65,0.32,108,89.72,90.55,0.16
2025,A,FS,POPAYAN,"54,000","9,000",415,415,290.39,9.33,15.77,3.71,11.91,0,0,0,0,0,3.69,3.81,10.44,25.37,8.39,0,0,48.96,0.12,0,0,48.96,0.12
2025,A,FS,SANTA MARTA,"531,630","88,605",484.35,484.35,290.22,9.69,15.77,3.77,20.17,8.14,40.79,2.94,2.94,0,3.63,5.2,9.95,24.53,8.36,1.13,0,56.79,0.12,39,17.05,39.78,0.08
2025,A,GS,BARRANQUILLA,"4,715,130","785,855",461.61,410.03,291.24,28.72,24.37,3.77,18,0.14,5.24,0,0,0,3.07,0,4.27,19.69,8.43,2.71,0.01,17.23,0.04,46,13.8,2.87,0.01
2025,A,GS,BOGOTA,"1,850,700","308,450",400.55,389.17,288.8,28.95,24.21,3.61,26.3,0,5.95,0,0,0,2.98,0,4.53,21.31,8.38,0,0,-9.09,-0.02,50,21.23,-30.33,-0.08
2025,A,GS,BUCARAMANGA,"1,993,260","332,210",405.09,405.09,288.85,24.8,23.92,3.58,5.36,2.63,18.75,0,0,0,2.94,0,5.15,21.61,8.39,0.6,0,15.3,0.04,55,20.72,-3.98,-0.01
2025,A,GS,CALI,"1,211,970","201,995",464.5,443.84,290.47,20.52,24.41,3.79,6.36,10.66,25.41,0,0,0,3.06,0,5.38,20.12,8.53,2.39,0,39.81,0.09,54,14.12,15.28,0.03
2025,A,GS,CARTAGENA,"3,140,090","523,348",467.93,405.72,290.64,28.69,24.27,3.74,18.42,0.14,3.95,0,0,0,3,0,4.2,19.82,8.38,3.06,0.02,14.18,0.03,41,12.89,1.36,0
2025,A,GS,MEDELLIN,"1,063,830","177,305",410.63,410.63,289.89,29.11,24.54,3.76,24.31,0,5.48,0,0,0,3.14,0,4.49,20.89,8.39,0.24,0,13.15,0.03,56,21.9,-8.76,-0.02
2025,A,GS,SANTA MARTA,"24,000","12,000",462,384.33,289,28.83,23.19,3.32,19.29,8.41,32.6,0,0,0,2.7,0,5.39,20.79,8.02,0,0,-41.18,-0.11,42,11.88,-52.24,-0.14
2025,A,HD,APARTADO,"9,033,360","1,505,560",463.62,451.46,290.37,15.87,24.47,3.8,27.81,0,7.47,0,0,0,1.37,0,4.68,21.51,8.37,1.38,0,61.1,0.14,5,0.24,60.86,0.13
2025,A,HD,BARRANQUILLA,"8,859,600","1,476,600",453.08,432.59,291.68,16.45,24.49,3.88,10.37,0,21.23,0,0,0,1.36,0,4.59,20.85,8.33,1.03,0,44.99,0.1,19,2.85,42.13,0.1
2025,A,HD,BOGOTA,"56,667,420","9,444,570",453.86,440.91,290.22,17.42,24.43,3.78,21.76,0,10.82,0,0,0,1.37,0.08,4.73,21.64,8.39,0.03,0,53.02,0.12,9,0.4,52.62,0.12
2025,A,HD,BUCARAMANGA,"10,376,640","1,729,440",452.87,440.73,290.38,17.64,24.46,3.79,4.11,0,76.74,0,0,0,1.38,0,4.71,21.65,8.34,0.37,0,3.84,0.01,5,0.26,3.58,0.01
2025,A,HD,CALI,"19,735,920","3,289,320",443.67,429.41,289.86,17.33,24.46,3.76,7.16,0,18.03,0,0,0,1.39,0,4.81,21.99,8.42,0.25,0,48.79,0.11,16,0.94,47.86,0.11
2025,A,HD,CUCUTA,"3,858,720","643,120",450.99,438.79,289.94,25.5,24.39,3.74,17.66,0,0.46,0,0,0,1.39,0,4.8,21.93,8.39,6.15,0,51.23,0.12,6,0.29,50.94,0.12
2025,A,HD,MEDELLIN,"58,428,000","9,738,000",456.05,443.94,289.95,17.21,24.37,3.76,12.88,0,7.23,0,0,0,1.38,0,4.75,21.91,8.35,0.07,0,68.8,0.16,4,0.27,68.52,0.15
2025,A,HD,MONTERIA,"30,578,640","5,096,440",458.05,438.83,291.22,16.54,24.54,3.86,14.23,0,8.52,0,0,0,1.36,0,4.62,20.95,8.39,0.11,0,61.27,0.14,16,2.07,59.2,0.13
2025,A,HD,PEREIRA,"2,899,440","579,888",414.46,392.9,289.31,15.39,24.12,3.71,14.44,0,98.59,0,0,0,1.39,0,5.05,22.82,8.52,0.72,0,-74.12,-0.19,22,2.53,-76.65,-0.2
2025,A,HD,POPAYAN,"295,440","98,480",460,447.73,293.03,30.41,24.79,4.01,13.54,0,0.83,0,0,0,1.33,0,4.46,19.36,8.55,0.06,0,64.44,0.14,0,0,64.44,0.14
2025,A,HD,VALLEDUPAR,"14,579,580","2,429,930",436.39,414.1,289.46,15.6,24.63,3.79,24.99,0,4.03,0,0,0,1.39,0,4.81,22.1,8.45,1.35,0,30.41,0.07,27,3.57,26.84,0.06
2025,A,MY,BARRANQUILLA,"1,233,926","411,309",322.81,322.81,288.19,7.8,15.79,3.47,39.12,0,0,0.85,0.85,0,0.69,0,2.99,9.51,8.12,0,0,-37.49,-0.12,19,1.06,-38.56,-0.12
2025,A,MY,BOGOTA,"1,166,571","291,643",248.33,248.33,287.53,7.2,15.8,3.57,32.72,0,0,2.76,2.76,0,0.65,0,3.1,9.12,8.55,0.45,0,-106.02,-0.43,7,0.14,-106.17,-0.43
2025,A,MY,BUCARAMANGA,"740,775","185,194",289.17,289.17,288.9,7.81,15.03,3.28,7.65,0,0,0.74,0.74,0,0.66,0,3.1,9.17,8.12,0.1,0,-39.14,-0.14,198,1.55,-40.69,-0.14
2025,A,MY,CALI,"689,130","229,710",232.14,232.14,287.71,7.53,15.77,3.49,9.02,0,0,0.8,0.8,0,0.67,0,3.03,9.18,8.28,0.53,0,-97.31,-0.42,8,0.19,-97.5,-0.42
2025,A,MY,CARTAGENA,"265,200","66,300",336.45,336.45,288.57,7.77,14.8,3.59,24.72,0,0,2.35,2.35,0,0.6,0,3.03,9.96,8.16,0.25,0,-11.03,-0.03,10,0.38,-11.41,-0.03
2025,A,MY,MEDELLIN,"228,980","114,490",337.75,337.75,289.3,7.76,16.51,3.81,20.7,0,0,8.5,8.5,0,0.69,0,3,11.05,8.38,0.06,0,-15.26,-0.05,6,0.51,-15.76,-0.05
2025,A,MY,MONTERIA,"1,829,457","365,891",328.43,328.43,288.62,7.65,15.3,3.56,27.28,0,0,3.44,3.44,0,0.63,0,3.07,9.83,8.29,0.6,0,-23.27,-0.07,14,1.06,-24.33,-0.07
2025,A,MY,NEIVA,"45,360","45,360",299,299,289.62,8.05,14.7,3.17,36.79,0,0,0.7,0.7,0,0.66,0,3.12,9.29,7.98,0,0,-59.11,-0.2,23,2.22,-61.34,-0.21
2025,A,MY,PASTO,"720,225","180,056",300.72,300.72,288.83,7.87,15.56,3.43,19.23,0,0,2.02,2.02,0,0.68,0,3.03,9.69,8.12,0.94,0,-42.46,-0.14,10,0.28,-42.74,-0.14
2025,A,MY,PEREIRA,"413,280","413,280",239.33,239.33,289.62,8.05,14.7,3.17,0,0,0,0.7,0.7,0,0.66,0,3.12,9.29,7.98,0,0,-81.99,-0.34,8,0.37,-82.36,-0.34
2025,A,MY,POPAYAN,"1,385,790","461,930",297,297,288.33,7.82,15.69,3.44,14.71,0,0,0.83,0.83,0,0.69,0,3.01,9.48,8.11,0,0,-38.88,-0.13,10,0.43,-39.31,-0.13
2025,A,TAT,BARRANQUILLA,"25,692,815","4,282,136",398.58,398.58,290.4,8.37,15.99,3.8,13.37,8.37,11.87,22.58,22.58,0,1.25,4.32,5.35,19.52,8.38,0,0,1.77,0,0,0,3.5,0.01
2025,A,TAT,BOGOTA,"928,042","154,674",460.92,460.92,290.69,15.04,15.86,3.82,15.05,14.09,10.37,26.16,26.16,0,1.25,4.38,5.33,19.37,8.39,0,0,47.91,0.1,0,0,51.42,0.11
2025,A,TAT,BUCARAMANGA,"5,343,691","890,615",387.49,387.49,290.46,9.88,16.52,3.8,3.82,8.26,14.46,29.23,29.23,0,1.25,3.97,5.35,19.53,8.39,0,0,-10.68,-0.03,0,0,-8.24,-0.02
2025,A,TAT,CALI,"17,849","4,462",445.55,445.55,293.37,8.2,16.31,4,6.02,15.16,11.82,26.52,26.52,0,1.29,4.84,5.14,17.98,8.53,0,0,43.43,0.1,0,0,46.01,0.1
2025,A,TAT,CARTAGENA,"29,298,585","4,883,098",396.3,396.3,289.96,8.69,16.21,3.77,19.77,13.55,4.17,17.54,17.54,0,1.25,4.14,5.44,19.83,8.41,0,0,0.38,0,0,0,4.01,0.01
2025,A,TAT,CUCUTA,"3,203,812","533,969",401.32,401.32,290.61,8.18,15.84,3.81,11.6,11.39,11.81,25.72,25.72,0,1.25,4.31,5.35,19.43,8.39,0,0,0.41,0,0,0,0.87,0
2025,A,TAT,MEDELLIN,"1,704,444","284,074",423.89,423.89,290.2,8.19,15.81,3.79,15.72,16.92,12.08,20.63,20.63,0,1.25,4.33,5.35,19.6,8.36,0,0,18.39,0.04,0,0,26.35,0.06
2025,A,TAT,MONTERIA,"12,424,424","2,070,737",391.45,391.45,290,8.18,15.81,3.78,26.14,10.01,11.07,21.27,21.27,0,1.24,4.27,5.37,19.73,8.36,0,0,-17.05,-0.04,0,0,-13.63,-0.03
2025,A,TAT,PASTO,"217,630","36,272",430.5,430.5,291.61,8.22,15.93,3.88,17.49,5.98,6.36,18.23,18.23,0,1.25,4.8,5.26,18.75,8.46,0,0,41.2,0.1,0,0,41.63,0.1
2025,A,TAT,POPAYAN,"3,790,796","631,799",415.02,415.02,290.55,8.18,15.85,3.82,11.84,7.32,6.54,20.24,20.24,0,1.24,4.48,5.32,19.38,8.38,0,0,28.64,0.07,0,0,29.52,0.07
2025,A,TAT,SANTA MARTA,"18,193,340","3,032,223",394.6,394.6,290.16,8.18,15.8,3.79,21.87,8.21,8.84,21.14,21.14,0,1.24,4.32,5.37,19.63,8.38,0,0,-5.58,-0.01,0,0,-5.43,-0.01
2025,A,TAT,SINCELEJO,"2,549,007","424,835",393.91,393.91,290.46,8.18,15.79,3.81,29.96,26.95,3.18,35.85,35.85,0,1.24,4.5,5.34,19.41,8.4,0,0,-42.37,-0.11,0,0,-35.22,-0.09
2025,A,TAT,VALLEDUPAR,"13,806,148","2,301,025",389.6,389.6,289.97,8.17,15.76,3.76,15.72,8.74,8.98,22.3,22.3,0,1.25,4.14,5.4,19.8,8.36,0,0,-6.04,-0.02,0,0,-5.84,-0.02
2025,A,TAT,VILLAVICENCIO,"69,100","13,820",355.42,355.42,287.91,8.17,15.95,3.83,4.93,107.87,0,115.26,115.26,0,1.21,5.19,5.32,20.3,8.31,0,0,-212.21,-0.6,0,0,-160.18,-0.45
2025,AA,AU ESP,BARRANQUILLA,"721,590","120,265",648.56,612.7,289.99,45.18,24.29,3.77,20.54,11.09,33.41,28.32,22.46,5.85,4.26,6.4,11.73,28.85,8.33,0.36,4.5,108.34,0.18,24,4.69,102.57,0.17
2025,AA,AU ESP,BOGOTA,"4,840,632","806,772",637.44,585.66,290.09,44.95,24.35,3.78,23.39,12.51,33.05,59.07,27.49,31.58,4.29,6.25,11.81,28.77,8.37,0.15,7.33,44.24,0.08,25,7.67,40.42,0.07
2025,AA,AU ESP,BUCARAMANGA,"606,990","101,165",644.11,620.66,290.31,48.57,24.27,3.78,6.48,8.06,31.99,56.15,9.42,46.74,4.24,6.22,11.74,28.61,8.35,0.18,30.32,78.09,0.13,44,24.17,48.38,0.08
2025,AA,AU ESP,CALI,"3,092,046","515,341",628.36,547.92,289.8,45.73,24.27,3.75,8.62,15.82,27.93,45.99,15.47,30.52,4,5.95,11.19,27.27,8.34,0.03,20.86,25.07,0.05,20,10.18,16.17,0.03
2025,AA,AU ESP,CARTAGENA,"1,012,302","168,717",649.06,616.45,290.24,45.24,24.38,3.79,26.83,13.86,15.22,24.63,6.32,18.3,4.3,6.36,11.76,28.65,8.36,1.69,6.62,121.25,0.2,18,4.21,117.74,0.19
2025,AA,AU ESP,CUCUTA,"175,200","29,200",635,631.58,290.19,43.28,24.4,3.8,17.14,11.47,40.6,72.48,0.74,71.74,4.28,6.27,11.83,28.69,8.39,0.07,0,85.47,0.14,20,2.92,84.11,0.13
2025,AA,AU ESP,MEDELLIN,"2,189,058","364,843",639.01,563.56,289.63,45.33,24.35,3.74,22.2,16.95,33.07,38.51,16.24,22.27,4.28,6,11.93,29.38,8.35,0.46,11.2,34.89,0.06,65,10.07,27.83,0.05
2025,AA,AU ESP,MONTERIA,"75,780","12,630",639.2,559.54,289.59,45.66,24.32,3.74,40.1,9.98,93.32,0,0,0,4.28,6.03,11.85,29.48,8.3,0.17,11.88,-2.56,0,35,9.13,-109.43,-0.2
2025,AA,AU ESP,PEREIRA,"396,270","66,045",626.97,559.97,289.64,44.49,24.34,3.75,19.03,10.48,21.34,65.18,13.71,51.47,4.28,6.26,11.83,29.26,8.33,0.48,7.73,30.2,0.05,37,16.42,16.9,0.03
2025,AA,AU ESP,POPAYAN,"44,160","7,360",632.88,565.22,289.81,44.64,24.11,3.7,16.11,6.75,0,0,0,0,4.23,6.66,11.57,28.95,8.25,0,0,136.94,0.24,60,22.43,117.48,0.21
2025,AA,AU ESP,SANTA MARTA,"189,450","31,575",650.78,618.35,290.27,46.28,24.32,3.78,25.09,8.09,40.54,60.76,5.15,55.62,4.27,6.31,11.74,28.64,8.35,4,0,72.6,0.12,24,4.17,68.46,0.11
2025,AA,FS,BARRANQUILLA,"2,556,279","426,047",500.61,500.61,289.98,10.17,15.71,3.76,18.03,11.03,34.24,22.26,22.26,0,3.76,5.28,10.26,25.55,8.37,0.09,0,58.84,0.12,24,4.77,52.93,0.11
2025,AA,FS,BOGOTA,"3,083,846","513,974",522.92,522.92,290.31,10.34,16,3.8,20.35,18.08,43.29,27.06,27.06,0,3.77,5.4,10.18,25.21,8.37,0.04,0,57.48,0.11,34,13.3,49.88,0.1
2025,AA,FS,BUCARAMANGA,"281,135","46,856",516.87,516.87,290.88,10.36,16.48,3.86,3.63,8.23,32.73,0.81,0.81,0,3.82,5.56,10.09,24.63,8.41,0.03,0,114.16,0.22,51,20.23,88.36,0.17
2025,AA,FS,CALI,"732,425","122,071",524.96,524.96,290.02,9.98,15.66,3.76,5.88,15.97,27.99,15.61,15.61,0,3.76,5.34,10.22,25.45,8.37,0.07,0,103.62,0.2,29,8.24,96.67,0.18
2025,AA,FS,CARTAGENA,"5,383,746","897,291",505.59,505.59,290.18,11.95,16.39,3.78,18.36,13.86,15.19,5.78,5.78,0,3.79,5.35,10.27,25.59,8.35,0.04,0,93.42,0.18,27,6.84,87.27,0.17
2025,AA,FS,MEDELLIN,"2,485,546","414,258",506.32,506.32,289.93,13.14,15.99,3.77,12.53,16.97,33.28,16.02,16.02,0,3.78,5.41,10.32,25.78,8.36,0.2,0,67.57,0.13,33,11.77,58.74,0.12
2025,AA,FS,PEREIRA,"888,374","148,062",518.54,518.54,290.03,11.83,16.15,3.76,12.37,10.27,23.02,0.2,0.2,0,3.79,5.36,10.34,25.72,8.37,0.02,0,114.03,0.22,30,4.94,111.98,0.22
2025,AA,FS,SANTA MARTA,"661,770","110,295",501.29,501.29,289.73,11.12,15.62,3.73,20.78,8.4,41.05,2.87,2.87,0,3.76,5.2,10.34,25.95,8.35,0.23,0,70.84,0.14,24,5.25,65.64,0.13
2025,AA,GS,BARRANQUILLA,"10,500,717","1,750,120",646.8,592.03,290.18,46.12,24.38,3.77,27.87,0.35,3.11,20.63,14.94,5.68,4.32,6.19,6.45,29.09,8.37,0.73,0.19,137.02,0.23,50,16.35,118.77,0.2
2025,AA,GS,BOGOTA,"15,019,746","2,503,291",652.22,575.15,290.27,45.56,24.29,3.73,29.08,2.8,12.47,53.88,26.12,27.76,4.28,5.84,6.73,29.52,8.36,0.04,1.35,73.66,0.13,48,19.5,51.65,0.09
2025,AA,GS,BUCARAMANGA,"962,100","160,350",636.29,573.07,289.58,44.66,24.33,3.73,8.82,3.45,23.96,56.25,25.28,30.97,4.26,5.34,7.26,29.6,8.42,0.38,0.11,79.76,0.14,56,21.13,60.5,0.11
2025,AA,GS,CALI,"2,854,626","475,771",652.54,584.79,290.63,46.26,24.35,3.74,9.78,3.08,6.36,49.29,23.64,25.66,4.32,5.9,6.85,29.49,8.38,0.22,0,112.88,0.19,53,17.7,92.59,0.16
2025,AA,GS,CARTAGENA,"3,067,218","511,203",642.55,610.17,290.04,47.21,24.39,3.76,32.36,1.08,4.14,24.67,6.83,17.84,4.33,6.19,6.57,29.26,8.38,0.73,1.33,142.49,0.23,45,13.65,129.39,0.21
2025,AA,GS,CUCUTA,"30,510","5,085",639.38,608.99,288.97,43.09,24.43,3.68,21.65,11.77,32.68,56.74,11.1,45.64,4.36,5.1,8.86,31.23,8.44,0,0,84.87,0.14,51,21.31,66.65,0.11
2025,AA,GS,MEDELLIN,"4,363,056","727,176",662.37,567.38,290.57,46.87,24.29,3.72,29.41,1.47,8.81,49.3,27.2,22.1,4.29,5.83,6.64,29.6,8.36,0.1,0,74.86,0.13,55,21.37,27.41,0.05
2025,AA,GS,PASTO,"43,680","7,280",648.78,612.73,290.42,47.48,24.52,3.81,31.6,6.22,-3.83,95.14,95.14,0,4.37,5.56,8.36,29.41,8.39,0.55,0,77.51,0.13,58,13.55,66.31,0.11
2025,AA,GS,PEREIRA,"337,200","56,200",665.37,567,290.61,47.88,24.24,3.73,19.47,0.08,0.65,79.16,27.8,51.36,4.26,6,6.43,29.33,8.35,0.25,0,63.24,0.11,59,21.18,42.08,0.07
2025,AA,GS,SANTA MARTA,"138,840","23,140",646.66,574.68,290,44.17,24.26,3.72,27.89,8.22,39.74,55.99,4.17,51.82,4.28,5.91,8.24,29.35,8.31,2.46,0,38.76,0.07,55,21.23,18.4,0.03
2025,AA,HD,APARTADO,"4,504,896","750,816",533.1,520.94,290.13,30.59,24.13,3.76,30.71,0,7.29,0,0,0,1.65,0,5.13,26.07,8.37,1.3,0,108.54,0.21,5,0.27,108.28,0.21
2025,AA,HD,BARRANQUILLA,"8,939,544","1,489,924",537.61,525.6,290.37,47.41,23.66,3.78,24.9,0,4.31,0,0,0,1.66,0.01,5.15,26.09,8.36,0.61,0,106.03,0.2,8,0.27,105.75,0.2
2025,AA,HD,BOGOTA,"16,882,296","2,813,716",560.13,547.98,290.04,35.77,24.25,3.78,23.41,0,11.1,0,0,0,1.72,2.51,5.56,27.4,8.37,0.28,0,130.52,0.24,4,0.26,130.26,0.24
2025,AA,HD,BUCARAMANGA,"9,150,624","1,525,104",532.17,519.99,290.02,27.7,24.26,3.78,4.66,0,77.46,0,0,0,1.65,0,5.12,26.1,8.36,0.16,0,67.45,0.13,4,0.27,67.17,0.13
2025,AA,HD,CALI,"12,483,936","2,080,656",531.22,518.99,289.77,24.46,24.37,3.75,8.13,0,12.5,0,0,0,1.66,0,5.16,26.38,8.36,0.09,0,131.1,0.25,4,0.3,130.8,0.25
2025,AA,HD,CUCUTA,"3,975,408","662,568",532.17,520,289.8,27.04,24.17,3.73,18.6,0,0.49,0,0,0,1.65,0,5.18,26.39,8.37,2.11,0,129.21,0.25,5,0.29,128.92,0.25
2025,AA,HD,MEDELLIN,"18,545,340","3,090,890",549.8,537.68,289.2,36.72,24.17,3.7,18.23,0,6.89,0,0,0,1.72,1.57,5.53,27.91,8.34,0.38,0,129.99,0.24,5,0.33,129.66,0.24
2025,AA,HD,MONTERIA,"6,400,416","1,066,736",532.35,520.17,289.64,29.24,24.27,3.73,14.24,0,5.61,0,0,0,1.66,0,5.16,26.55,8.32,1.4,0,127,0.24,4,0.31,126.68,0.24
2025,AA,HD,POPAYAN,"199,056","66,352",532.73,520.34,294.02,26.47,24.82,4.02,15.26,0,0.68,0,0,0,1.6,0,4.77,22.09,8.6,3.52,0,131.7,0.25,0,0,131.7,0.25
2025,AA,HD,VALLEDUPAR,"2,271,216","378,536",537.1,524.94,290.06,47.42,23.81,3.77,22.06,0,0.53,0,0,0,1.64,0,5.11,26.06,8.35,2.56,0,110.28,0.21,5,0.27,110.01,0.21
2025,AA,MY,BARRANQUILLA,"833,291","416,646",363.56,363.56,288.49,7.92,15.72,3.44,38.76,0,0,0.85,0.85,0,0.84,0,3.29,11.63,8.05,0.02,0,0.65,0,32,4.99,-4.34,-0.01
2025,AA,MY,BOGOTA,"726,551","145,310",285.08,285.08,286.71,7.67,15.92,3.61,35.15,0,0,1.89,1.89,0,0.72,0,3.29,9.77,8.68,0.44,0,-71.42,-0.25,12,2.29,-73.71,-0.26
2025,AA,MY,CALI,"1,579,890","394,973",347.81,347.81,287.67,7.77,15.38,3.76,7.65,0,0,2.43,2.43,0,0.69,0,3.13,11.09,8.28,0.29,0,16.21,0.05,9,0.28,15.93,0.05
2025,AA,MY,MEDELLIN,"216,761","72,254",366.03,366.03,287.94,7.76,15.67,3.92,27.9,0,0,3.8,3.8,0,0.69,0,3.02,11.79,8.19,0,0,11.74,0.03,30,5.35,6.38,0.02
2025,AA,MY,NEIVA,"680,340","226,780",366.99,366.99,288.17,7.82,15.3,3.78,28.11,0,0,2.75,2.75,0,0.7,0,3.1,11.65,8.12,0.02,0,13.72,0.04,24,1.63,12.09,0.03
2025,AA,MY,PASTO,"5,451,432","1,090,286",359.23,359.23,287.96,7.79,15.45,3.79,18.7,0,0,2.93,2.93,0,0.7,0,3.11,11.44,8.21,0.03,0,15.56,0.04,12,0.46,15.1,0.04
2025,AA,MY,POPAYAN,"1,468,320","367,080",326.85,326.85,288.48,7.87,14.97,3.56,14.23,0,0,2.05,2.05,0,0.71,0,3.26,11.21,8.16,0,0,-11.33,-0.03,15,0.74,-12.07,-0.04
2025,AA,TAT,BARRANQUILLA,"17,334,656","2,889,109",418.45,418.45,289.71,12.29,16.66,3.73,13.51,8.56,11.37,22.51,22.51,0,1.36,4.31,5.8,21.79,8.37,0,0,15.21,0.04,0,0,17.11,0.04
2025,AA,TAT,BOGOTA,"25,811,074","4,301,846",440.41,440.41,290.5,13.4,17.52,3.82,16.77,14.15,10.28,28.09,28.09,0,1.35,4.75,5.68,21.21,8.39,0,0,21.27,0.05,0,0,24.8,0.06
2025,AA,TAT,BUCARAMANGA,"7,515,289","1,252,548",422.93,422.93,290.05,10.85,16.66,3.77,4.24,8.12,14.02,33.6,33.6,0,1.34,4.51,5.64,21.21,8.37,0.02,0,17.26,0.04,0,0,19.5,0.05
2025,AA,TAT,CALI,"10,263,703","1,710,617",442.16,442.16,290.16,10.9,16.62,3.79,5.82,14.24,11.22,27.36,27.36,0,1.34,4.62,5.63,21.14,8.37,0,0,37.71,0.09,0,0,39.88,0.09
2025,AA,TAT,CARTAGENA,"1,503,587","250,598",472.11,472.11,290.19,30.25,20.32,3.8,23.04,13.84,4.23,17.72,17.72,0,1.51,5.31,6.42,23.89,8.37,0,0,39.97,0.08,0,0,43.67,0.09
2025,AA,TAT,CUCUTA,"11,446,464","1,907,744",406.98,406.98,289.82,10.9,16.71,3.75,12.54,11.41,11.74,25.43,25.43,0,1.34,4.41,5.68,21.39,8.36,0,0,0.21,0,0,0,0.71,0
2025,AA,TAT,MEDELLIN,"16,220,515","2,703,419",427.78,427.78,290.15,10.86,16.72,3.77,16.1,16.98,12.05,20.66,20.66,0,1.34,4.53,5.64,21.15,8.37,0,0,16.19,0.04,0,0,24.19,0.06
2025,AA,TAT,MONTERIA,"1,095,375","182,563",431.29,431.29,288.72,12.66,16.64,3.7,28.07,9.83,10.71,21.11,21.11,0,1.36,4.44,5.85,22.31,8.33,0,0,14.23,0.03,0,0,17.18,0.04
2025,AA,TAT,PASTO,"31,064,085","5,177,348",420.82,420.82,290.11,9.39,16.1,3.77,18.07,6.08,6.27,18.01,18.01,0,1.33,4.48,5.6,21.04,8.37,0,0,28.94,0.07,0,0,29.52,0.07
2025,AA,TAT,POPAYAN,"20,175,884","3,362,647",425.78,425.78,290,9.95,16.39,3.77,12.41,7.54,6.48,20.3,20.3,0,1.33,4.48,5.62,21.15,8.36,0,0,34.72,0.08,0,0,35.65,0.08
2025,AA,TAT,SANTA MARTA,"2,167,461","361,244",483.98,483.98,290.29,20.59,18.31,3.79,22.52,8.14,8.83,21.16,21.16,0,1.42,4.85,6.03,22.47,8.38,0.01,0,63.95,0.13,0,0,64.1,0.13
2025,AA,TAT,SINCELEJO,"2,184,597","364,100",410.05,410.05,289.61,8.59,15.83,3.75,30.69,28.11,2.8,35.93,35.93,0,1.32,4.54,5.6,21.16,8.36,0,0,-29.52,-0.07,0,0,-21.81,-0.05
2025,AA,TAT,VALLEDUPAR,"305,528","50,921",527.99,527.99,289.76,47,23.74,3.77,22.63,8.8,8.98,22.32,22.32,0,1.66,5.64,7.16,26.59,8.36,0,0,68.27,0.13,0,0,68.49,0.13
2025,AA,TAT,VILLAVICENCIO,"728,975","145,795",367.46,367.46,287.21,8.8,16.17,3.72,10.14,74.55,0,85.14,85.14,0,1.35,4.33,5.91,22.66,8.46,0,0,-144.07,-0.39,0,0,-104.05,-0.28
2025,AAA,AU ESP,BARRANQUILLA,"195,630","32,605",781.26,733.99,289.91,50.36,24.31,3.78,19.67,11.07,34.04,29.09,23.1,5.99,5.15,7.47,13.58,35.23,8.37,1.05,5.3,212.33,0.29,28,5.01,206.21,0.28
2025,AAA,AU ESP,BOGOTA,"1,320,300","220,050",770.06,713.64,290.01,50.3,24.39,3.77,23.18,12.25,32.27,59.08,27.41,31.67,5.21,7.49,13.58,35.16,8.37,0.18,13.59,151.54,0.21,21,6.86,148.46,0.21
2025,AAA,AU ESP,BUCARAMANGA,"325,845","54,308",770,739.49,290.21,50.42,24.26,3.79,6.69,8,31.34,55.37,8.65,46.72,5.14,7.61,13.45,34.86,8.35,0.14,45.97,170.6,0.23,40,24.28,140.83,0.19
2025,AAA,AU ESP,CALI,"902,085","150,348",770,683.95,291.03,50.3,24.4,3.78,8.47,15.99,25.66,45.26,14.3,30.95,7.59,10.24,20.71,52.98,8.38,0.06,16.47,119.39,0.17,8,11.41,109.09,0.16
2025,AAA,AU ESP,CARTAGENA,"273,229","45,538",782.3,742.32,290.15,50.35,24.37,3.79,26.4,13.82,15.22,24.75,6.38,18.37,5.2,7.53,13.54,34.98,8.37,4.19,1.05,235.33,0.32,19,4.27,231.69,0.31
2025,AAA,AU ESP,CUCUTA,"158,520","26,420",770,766.03,290.05,50.34,24.36,3.78,17.34,11.41,41.54,72.42,0.76,71.67,5.19,7.57,13.55,35.04,8.37,0.15,0,201.66,0.26,20,2.91,200.22,0.26
2025,AAA,AU ESP,MEDELLIN,"1,229,220","204,870",769.75,682.95,289.67,50.27,24.31,3.74,21.79,16.99,33.41,38.45,16.37,22.09,5.16,7.23,13.69,35.65,8.36,1.11,18.33,131.52,0.19,81,10.48,123.99,0.18
2025,AAA,AU ESP,MONTERIA,"32,100","5,350",770,675.85,290.04,50.32,24.34,3.77,39.21,10.06,98.34,0,0,0,5.22,7.19,13.58,35.52,8.3,0,1.75,104.81,0.16,32,9.01,-4.75,-0.01
2025,AAA,AU ESP,PEREIRA,"136,230","22,705",760.46,710.16,290.09,50.58,24.43,3.81,18.33,10.23,23.23,71.64,18.93,52.71,5.21,7.49,13.61,35.02,8.39,0.76,9.75,154.39,0.22,34,15.02,142.06,0.2
2025,AAA,AU ESP,POPAYAN,"7,500","1,500",770,694.06,290.68,50.44,24.25,3.8,15.44,6.65,0,0,0,0,5.19,8.57,13.05,33.89,8.31,0,0,250.39,0.36,53,21.75,231.6,0.33
2025,AAA,AU ESP,SANTA MARTA,"92,010","15,335",781.79,741.9,290.27,50.37,24.43,3.82,24.53,8.13,41.26,61.2,4.99,56.21,5.23,7.76,13.47,34.75,8.37,3.82,0,181.26,0.24,24,4.24,177.04,0.24
2025,AAA,FS,BOGOTA,"254,280","42,380",581.63,581.63,289.57,14.52,16.21,3.75,21.55,18.16,43.18,26.91,26.91,0,4.3,6.21,11.36,29.54,8.35,0.31,0,104.42,0.18,21,9.88,100.12,0.17
2025,AAA,FS,CALI,"25,380","4,230",584.89,584.89,290.42,10.44,16.07,3.83,5.83,16.31,28.97,16.43,16.43,0,4.19,6.36,10.92,27.89,8.39,0.2,0,155.43,0.27,7,1.19,155.36,0.27
2025,AAA,FS,MEDELLIN,"23,910","5,978",496.27,496.27,289.43,10.46,14.51,3.81,11.32,15.77,31.14,13.79,13.79,0,3.88,7.09,10.33,28.02,8.15,0.13,0,64.77,0.13,31,5.77,60.8,0.12
2025,AAA,FS,PEREIRA,"16,005","2,668",698.55,698.55,289.44,50.57,24.33,3.78,18.59,10.59,20.6,0.15,0.15,0,5.02,7.59,13.22,34.49,8.33,0.48,0,228.03,0.33,0,0,231.2,0.33
2025,AAA,GS,BARRANQUILLA,"3,777,197","629,533",776.16,710.95,289.8,50.26,24.33,3.73,27.72,0.41,3.11,20.52,14.72,5.8,5.14,7.11,7.1,35.44,8.38,1.45,0.02,243.19,0.34,52,16.4,224.57,0.32
2025,AAA,GS,BOGOTA,"4,307,145","717,858",782.59,685.86,289.78,50.27,24.33,3.74,29.58,1.62,9.35,49.61,20.89,28.72,5.15,7.23,7.19,35.4,8.37,0.05,0.85,180.08,0.26,53,19.97,158.8,0.23
2025,AAA,GS,BUCARAMANGA,"255,900","42,650",781.2,673.8,289.75,50.27,24.35,3.75,6.99,3.34,25.15,60.6,18.85,41.75,5.16,7.4,7.93,35.34,8.39,0.4,0,161.75,0.24,59,22.78,140.76,0.21
2025,AAA,GS,CALI,"1,004,835","167,473",780.5,695.25,289.76,50.27,24.27,3.72,9.94,1.93,4.22,45.42,19.64,25.79,5.11,7.07,7.3,35.47,8.37,0.09,1.32,217.72,0.31,53,18.53,197.53,0.28
2025,AAA,GS,CARTAGENA,"1,489,680","248,280",770.07,730.95,289.71,50.22,24.34,3.72,33.44,0.7,3.02,24.83,7.18,17.65,5.17,7.14,7.11,35.54,8.35,1.15,1.51,251.7,0.34,50,13.34,238.73,0.33
2025,AAA,GS,CUCUTA,"18,000","3,000",773.47,735.39,289.03,50.18,24.23,3.66,21.55,11.63,33.49,57.16,11.54,45.62,5.09,6.06,9.73,37.1,8.41,1.35,0,193.55,0.26,51,20.49,176.08,0.24
2025,AAA,GS,MEDELLIN,"1,624,710","270,785",786.11,676.51,289.77,50.26,24.28,3.72,27.85,1.87,9.64,48.31,26.94,21.37,5.11,7.02,7.27,35.49,8.37,0.26,0.78,173.27,0.26,55,21.6,117.41,0.17
2025,AAA,GS,PASTO,"17,100","2,850",770,748.89,291.23,50.36,24.61,3.87,30.91,6.18,-7.9,100.37,100.37,0,5.25,7.02,8.98,33.89,8.43,0,0,202.57,0.27,58,14.99,189.79,0.25
2025,AAA,GS,PEREIRA,"142,200","23,700",786.69,673.93,289.76,50.3,24.22,3.72,19.3,0,0.59,80.41,28.44,51.98,5.08,7.13,7.01,35.37,8.38,0.17,0,159.25,0.24,63,21.96,137.29,0.2
2025,AAA,GS,SANTA MARTA,"61,290","10,215",770.56,682.35,290.42,50.26,24.34,3.74,27.61,8.06,39.07,56.31,3.42,52.89,5.15,6.81,9.02,34.8,8.32,3.01,0,132.06,0.19,56,21.94,110.97,0.16
2025,AAA,MY,BOGOTA,"534,804","106,961",262.83,262.83,286.8,7.91,15.6,3.5,35.58,0,0,0.77,0.77,0,0.64,0,3.15,8.63,8.63,8.67,0,-99.81,-0.38,11,0.79,-100.6,-0.38
2025,AAA,MY,NEIVA,"8,640","8,640",419,419,287.15,8.02,16.94,3.76,19.66,0,0,1.04,1.04,0,0.98,0,3.21,13.25,8.13,0,0,73.14,0.17,23,2.51,70.63,0.17
2025,AAA,MY,PASTO,"190,050","47,513",382.18,382.18,288.42,7.89,15.72,3.57,20.83,0,0,4.56,4.56,0,0.72,0,3.24,10.67,8.48,1.61,0,33.42,0.09,7,0.94,32.48,0.09
2025,AAA,MY,POPAYAN,"210,240","70,080",249.16,249.16,287.77,7.87,15.34,3.39,17.56,0,0,0.7,0.7,0,0.71,0,3.26,9.69,8.39,1.12,0,-89.87,-0.36,17,0.84,-90.71,-0.36
2025,AAA,TAT,BARRANQUILLA,"72,707","12,118",547.85,547.85,289.79,22.64,18.71,3.7,15.38,8.48,11.23,22.49,22.49,0,1.67,4.87,6.71,26.34,8.38,0,0,124.22,0.23,0,0,126.15,0.23
2025,AAA,TAT,BOGOTA,"39,252,893","6,542,149",454.39,454.39,289.69,10.44,17.52,3.75,16.79,14.27,9.98,25.69,25.69,0,1.44,4.85,5.88,23.08,8.34,0,0,39.35,0.09,0,0,42.94,0.09
2025,AAA,TAT,BUCARAMANGA,"17,985","2,998",640,640,290.33,50.3,24.44,3.79,6.89,7.96,13.97,28.86,28.86,0,1.99,6.19,8,31.63,8.38,0,0,174.03,0.27,0,0,176.31,0.28
2025,AAA,TAT,CALI,"12,871,633","2,145,272",459.94,459.94,289.52,10.27,16.42,3.73,5.71,14.18,11.12,27.55,27.55,0,1.46,4.71,5.94,23.28,8.35,0,0,54.4,0.12,0,0,56.52,0.12
2025,AAA,TAT,CARTAGENA,30,30,640,640,287.15,49.91,24.91,3.76,25.63,14.65,4.2,17.55,17.55,0,2.13,10.43,7.28,32.78,8.13,0,0,167.74,0.26,0,0,172.66,0.27
2025,AAA,TAT,CUCUTA,"70,860","11,810",626.94,626.94,290.2,49.22,24.17,3.76,17.33,11.36,11.77,25.5,25.5,0,1.98,6.31,7.92,31.36,8.37,0,0,154.45,0.25,0,0,154.93,0.25
2025,AAA,TAT,MEDELLIN,"19,440,544","3,240,091",459.95,459.95,289.79,10.59,16.56,3.76,16.05,16.91,11.96,20.52,20.52,0,1.45,4.87,5.91,23.15,8.35,0,0,46.78,0.1,0,0,54.71,0.12
2025,AAA,TAT,MONTERIA,"5,759","5,759",500,500,289.62,8.4,14.7,3.17,27.1,9.45,14.92,21.56,21.56,0,1.48,1.73,6.13,24.17,7.98,0,0,85.55,0.17,0,0,87.37,0.17
2025,AAA,TAT,PASTO,"4,579,598","763,266",463.7,463.7,289.59,11.04,16.31,3.74,18.45,6.07,6.22,18.02,18.02,0,1.47,4.76,6,23.49,8.36,0,0,66.92,0.14,0,0,67.51,0.15
2025,AAA,TAT,POPAYAN,"1,482,038","247,006",459.09,459.09,289.64,10.53,17.07,3.74,12.76,7.56,6.48,20.29,20.29,0,1.45,4.82,5.91,23.22,8.34,0,0,63.97,0.14,0,0,64.93,0.14
2025,AAA,TAT,SANTA MARTA,660,220,590,590,294.04,50.14,25.11,4.05,23.57,6.93,8.32,20.57,20.57,0,1.92,6.97,7.14,26.89,8.55,0,0,122.9,0.21,0,0,123.1,0.21
2025,AAA,TAT,SINCELEJO,"37,697","9,424",496.92,496.92,288.22,9.95,15.71,3.82,29.22,27.57,2.16,33.17,33.17,0,1.29,6.82,5.5,22.52,8.16,0,0,59.12,0.12,0,0,67.23,0.14
2025,AAA,TAT,VALLEDUPAR,"39,765","6,628",634.34,634.34,289.68,50.37,24.06,3.71,22.52,8.54,8.88,21.87,21.87,0,1.98,6.31,8.02,32.22,8.27,0,0,164.46,0.26,0,0,164.63,0.26
2025,AAA,TAT,VILLAVICENCIO,"304,676","60,935",384.39,384.39,286.95,8.39,15.97,3.7,11.56,63.83,0,75.55,75.55,0,1.47,4.36,6.31,24.89,8.5,0,0,-110.1,-0.29,0,0,-74.03,-0.19
2025,B,EXPO,CARTAGENA,"7,170,120","1,195,020",461.49,461.49,289.54,27.12,15.86,0,18.46,0,40.98,0,0,0,0,0,0,0,8.44,0,0,77.96,0.17,0,0,77.96,0.17
2025,B,GS,BARRANQUILLA,"5,065,770","844,295",422.83,357.08,289.09,28.62,24.47,3.71,18.71,0.27,2.43,0,0,0,2.69,0,4.03,18.53,8.38,3.03,0.03,-30.14,-0.08,41,13.37,-44.29,-0.12
2025,B,GS,BOGOTA,"312,600","78,150",428.1,367.01,289.27,28.6,25.03,3.77,25.98,0,11.35,0,0,0,2.78,0,4.01,17.94,8.57,0,0,-33.13,-0.09,45,13.1,-46.23,-0.13
2025,B,GS,CALI,"210,300","70,100",443,401.66,292.77,28.6,24.73,3.89,6.15,0,19.12,0,0,0,2.88,0,4.1,16.54,8.78,0,0,11.66,0.03,44,12.27,-0.61,0
2025,B,GS,CARTAGENA,"3,319,440","553,240",422.4,356.4,289.04,28.62,24.24,3.66,19.46,0.1,1.66,0,0,0,2.63,0,4,18.53,8.34,3.65,0.33,-31.18,-0.09,36,13.17,-44.31,-0.12
2025,B,HD,BARRANQUILLA,"20,807,040","3,467,840",423.62,410.46,290.47,17.87,24.43,3.8,8.28,0,6.33,0,0,0,1.28,0,4.57,20.07,8.38,0.56,0,41.18,0.1,9,0.5,40.69,0.1
2025,B,HD,MONTERIA,"2,903,040","725,760",436.27,412.86,291.86,15.9,24.5,3.97,19.29,0,6.86,0,0,0,1.2,0,4.34,18.59,8.5,0.12,0,34.72,0.08,25,2.18,32.54,0.08
2025,B,HD,PEREIRA,"29,520","14,760",397.14,387.33,284.31,17.41,23.96,3.45,-2.22,0,-40.21,0,0,0,1.37,0,5.63,24.77,8.87,5.92,0,71.83,0.19,15,0.14,71.69,0.19
2025,B,HD,VALLEDUPAR,"9,870,180","1,645,030",426.41,414.21,290.71,34.27,24.54,3.85,19.65,0,0.63,0,0,0,1.27,0,4.53,19.81,8.4,3.71,0,19.65,0.05,5,0.2,19.45,0.05
2025,B,MY,BARRANQUILLA,"660,120","330,060",211.21,211.21,288.02,7.76,16.15,3.56,38.22,0,0,0.92,0.92,0,0.53,0,2.61,7.35,8.08,0,0,-145.82,-0.69,16,0.91,-146.72,-0.69
2025,B,MY,BOGOTA,"1,296,835","324,209",224.34,224.34,288.44,7.76,15.24,3.62,26.71,0,0,2.09,2.09,0,0.51,0,2.71,8.13,8.1,0.23,0,-122.98,-0.55,18,0.58,-123.56,-0.55
2025,B,MY,BUCARAMANGA,"445,500","222,750",199.17,199.17,289.63,7.77,14.7,3.17,6.81,0,0,0.71,0.71,0,0.52,0,2.78,7.37,7.98,0.01,0,-126.31,-0.63,25,0.82,-127.13,-0.64
2025,B,MY,CALI,"240,780","80,260",247.8,247.8,287.81,7.76,16.34,3.61,8.28,0,0,0.95,0.95,0,0.54,0,2.59,7.34,8.09,0.83,0,-80.15,-0.32,10,0.08,-80.23,-0.32
2025,B,MY,CARTAGENA,"6,564,819","1,312,964",292.08,292.08,289.2,7.76,15.44,3.71,19.76,0,0,3.43,3.43,0,0.56,0,2.9,8.97,8.28,0.1,0,-51.46,-0.18,10,0.4,-51.86,-0.18
2025,B,MY,MEDELLIN,"413,280","206,640",228.02,228.02,287.84,7.76,16.31,3.6,20.03,0,0,0.94,0.94,0,0.54,0,2.59,7.34,8.09,0,0,-110.83,-0.49,6,0.35,-111.18,-0.49
2025,B,MY,MONTERIA,"612,948","153,237",241.68,241.68,289.36,7.77,15.19,3.33,35.27,0,0,2.05,2.05,0,0.53,0,2.76,7.68,8.06,2.93,0,-117.12,-0.48,6,0.26,-117.38,-0.49
2025,B,MY,NEIVA,"92,400","30,800",285.69,285.69,288.11,7.76,15.17,3.87,28.05,0,0,3.26,3.26,0,0.48,0,2.68,8.72,8.14,0,0,-64.26,-0.22,24,1.43,-65.7,-0.23
2025,B,MY,PASTO,"1,838,370","459,593",237.16,237.16,287.94,7.76,15.96,3.67,18.52,0,0,1.6,1.6,0,0.52,0,2.62,7.74,8.1,0,0,-101.07,-0.43,12,0.6,-101.67,-0.43
2025,B,MY,POPAYAN,"1,973,430","657,810",219.83,219.83,287.62,7.76,16.21,3.76,13.4,0,0,1.75,1.75,0,0.52,0,2.59,7.8,8.13,0,0,-113.46,-0.52,16,0.64,-114.09,-0.52
2025,C,MY,BARRANQUILLA,"38,010","12,670",218.59,218.59,292.25,7.76,16.28,3.81,33.07,0,0,6.06,6.06,0,0.41,0,2.44,6.45,8.22,0,0,-141.71,-0.65,12,1.08,-142.79,-0.65
2025,C,MY,BOGOTA,"3,108,725","518,121",202.01,202.01,289.82,7.76,15.97,3.83,25.92,0,0,5.92,5.92,0,0.4,0,2.48,6.57,8.3,0.07,0,-148.41,-0.73,16,0.31,-148.73,-0.74
2025,C,MY,BUCARAMANGA,"2,160,924","360,154",192.24,192.24,289.98,7.76,15.82,3.76,7.84,0,0,6.08,6.08,0,0.41,0,2.56,6.53,8.46,0.84,0,-140.87,-0.73,10,1.74,-142.61,-0.74
2025,C,MY,CALI,"328,708","82,177",193.89,193.89,288.14,7.76,15.09,3.88,6.85,0,0,3.38,3.38,0,0.35,0,2.41,6.51,8.14,0,0,-132.35,-0.68,11,0.49,-132.84,-0.69
2025,C,MY,CARTAGENA,"622,732","155,683",266.88,266.88,293.53,7.75,16.06,4.1,14.99,0,0,11.64,11.64,0,0.4,0,2.59,7.72,8.42,6.59,0,-90.08,-0.34,17,1.13,-91.21,-0.34
2025,C,MY,MEDELLIN,"61,590","20,530",203.57,203.57,303.34,7.74,19.92,4.22,7.7,0,0,16.49,16.49,0,0.55,0,2.58,7.59,8.58,50.74,0,-208.73,-1.03,42,-9.62,-199.11,-0.98
2025,C,MY,NEIVA,"45,360","22,680",204.78,204.78,288.79,7.76,14.68,3.65,32.55,0,0,2.81,2.81,0,0.35,0,2.42,6.15,8.09,0,0,-146.28,-0.71,25,1.5,-147.78,-0.72
2025,C,MY,PASTO,"288,960","72,240",196.92,196.92,287.82,7.76,16.2,3.82,18.05,0,0,3.06,3.06,0,0.39,0,2.38,6.12,8.18,0,0,-140.5,-0.71,10,0.2,-140.71,-0.71
2025,C,MY,POPAYAN,"873,194","174,639",212.76,212.76,291.76,7.76,15.56,3.97,14.93,0,0,9.05,9.05,0,0.38,0,2.54,7.29,8.33,0,0,-132.15,-0.62,13,0.25,-132.4,-0.62
2025,HLP,HLP,BARRANQUILLA,"3,630,228","605,038",447.91,447.91,257.11,8.28,,3.76,10.85,23.15,33.7,8.66,8.66,0,2.78,0,4.73,22.32,8.99,0,0,81.57,0.18,0,0,104.72,0.23
2025,HLP,HLP,BOGOTA,"44,812,572","7,468,762",440.16,440.16,257.86,8.77,,3.82,13.43,11.14,32.43,7.68,7.68,0,2.76,0,4.6,21.54,8.96,0,0,85.11,0.19,0,0,96.25,0.22
2025,HLP,HLP,CALI,"986,160","164,360",425.11,425.11,256.84,8.26,,3.78,12.11,11.62,33.4,8.24,8.24,0,2.76,0,4.71,21.97,8.99,0,0,70.42,0.17,0,0,82.04,0.19
2025,HLP,HLP,CARTAGENA,"51,660","10,332",514.29,514.29,257.85,9.06,,3.96,17.02,11.68,31.02,7.05,7.05,0,2.78,0,4.47,21.4,8.86,0,0,156.85,0.31,0,0,168.53,0.33
2025,HLP,HLP,MEDELLIN,"1,759,800","351,960",383.28,383.28,258.2,9.29,,3.57,8.87,11.8,34.68,9.01,9.01,0,2.61,0,4.87,22.51,8.9,0,0,26.77,0.07,0,0,38.57,0.1
2025,HLP,HLP,PEREIRA,"1,101,765","183,628",523.81,523.81,255.72,7.58,,3.77,10.92,11.98,34.26,8.78,8.78,0,2.79,0,4.8,22.37,9.05,0,0,169.91,0.32,0,0,181.88,0.35
2025,NC,MY,BOGOTA,"2,276,158","379,360",252.45,252.45,286.98,7.87,15.69,3.64,33.02,0,0,1.54,1.54,0,0.46,0,2.66,6.57,8.52,4.67,0,-102.13,-0.4,10,0.22,-102.36,-0.41
2025,NC,MY,BUCARAMANGA,"8,633,537","1,438,923",233.68,233.68,289.51,8.12,15.79,3.73,7.67,0,0,4.45,4.45,0,0.45,0,2.61,7.1,8.33,4.14,0,-101.57,-0.43,12,1.14,-102.71,-0.44
2025,NC,MY,CALI,"1,612,800","537,600",161.5,161.5,287.9,8.24,15.58,3.44,9.21,0,0,0.77,0.77,0,0.47,0,2.61,6.43,8.28,0,0,-164.87,-1.02,7,0.06,-164.94,-1.02
2025,NC,MY,PASTO,"145,710","145,710",196.03,196.03,286.09,7.79,15.74,3.56,25.19,0,0,0.66,0.66,0,0.47,0,2.75,6.14,8.8,16.32,0,-159.87,-0.82,15,0.02,-159.9,-0.82
2025,NC,MY,POPAYAN,"5,436,720","906,120",189.41,189.41,289.73,8.13,15.91,3.74,16.89,0,0,5.51,5.51,0,0.46,0,2.65,7.15,8.43,0,0,-152.33,-0.8,13,0.47,-152.8,-0.81
2025,YUMBO,AU ESP,BUCARAMANGA,"191,900","31,983",700,682.33,290.58,52.61,24.53,3.81,6.57,8.28,33.26,57.41,9.18,48.22,5.04,7.24,12.27,32.98,8.35,0.04,23.78,132.29,0.19,55,20.85,105.8,0.16
2025,YUMBO,AU ESP,CALI,0,,,,,,,,,,,,,,,,,,,,,,,0,,,
2025,YUMBO,FS,BUCARAMANGA,"6,780","1,130",$ 700.00,$ 700.00,$ 290.17,$ 52.65,$ 24.46,$ 3.78,$ 6.80,$ 8.16,$ 32.85,$ 0.83,$ 0.83,$ 0.00,$ 5.21,$ 7.34,$ 12.88,$ 35.02,$ 8.36,$ 0.33,$ 0.00,$ 227.87,32.55%,12,$ 1.28,$ 221.04,31.58%
2025,YUMBO,TAT,BARRANQUILLA,"10,703","1,784",$ 600.00,$ 600.00,$ 289.82,$ 24.83,$ 15.51,$ 3.80,$ 13.41,$ 8.79,$ 12.59,$ 22.45,$ 22.45,$ 0.00,$ 1.81,$ 6.93,$ 6.70,$ 29.94,$ 8.24,$ 0.00,$ 0.00,$ 171.67,28.61%,0,$ 0.00,$ 173.49,28.92%
2025,YUMBO,TAT,BOGOTA,"951,103","158,517",$ 600.00,$ 600.00,$ 290.01,$ 24.86,$ 15.77,$ 3.78,$ 16.05,$ 14.03,$ 9.95,$ 25.39,$ 25.39,$ 0.00,$ 1.88,$ 6.71,$ 6.74,$ 29.89,$ 8.31,$ 0.00,$ 0.00,$ 163.26,27.21%,0,$ 0.00,$ 166.78,27.80%
2025,YUMBO,TAT,BUCARAMANGA,"4,160","1,040",$ 606.25,$ 606.25,$ 290.05,$ 25.22,$ 16.20,$ 3.91,$ 3.38,$ 9.27,$ 13.81,$ 29.79,$ 29.79,$ 0.00,$ 1.84,$ 8.86,$ 6.26,$ 28.43,$ 8.34,$ 0.00,$ 0.00,$ 177.57,29.29%,0,$ 0.00,$ 180.08,29.70%
2025,YUMBO,TAT,CALI,"745,190","124,198",$ 600.00,$ 600.00,$ 289.58,$ 24.91,$ 15.71,$ 3.71,$ 5.54,$ 13.87,$ 11.13,$ 27.51,$ 27.51,$ 0.00,$ 1.91,$ 6.25,$ 6.92,$ 30.56,$ 8.32,$ 0.00,$ 0.00,$ 170.73,28.46%,0,$ 0.00,$ 172.80,28.80%
2025,YUMBO,TAT,MEDELLIN,"362,103","60,351",$ 600.02,$ 600.02,$ 289.23,$ 24.89,$ 15.71,$ 3.71,$ 15.70,$ 16.98,$ 11.89,$ 20.53,$ 20.53,$ 0.00,$ 1.92,$ 5.96,$ 7.07,$ 31.23,$ 8.34,$ 0.00,$ 0.00,$ 163.54,27.25%,0,$ 0.00,$ 171.47,28.58%
2025,YUMBO,TAT,PASTO,"45,713","15,238",$ 600.00,$ 600.00,$ 290.38,$ 25.00,$ 15.40,$ 3.56,$ 18.77,$ 5.54,$ 5.94,$ 18.21,$ 18.21,$ 0.00,$ 1.93,$ 5.19,$ 7.20,$ 29.95,$ 8.49,$ 0.00,$ 0.00,$ 181.42,30.24%,0,$ 0.00,$ 181.76,30.29%
2025,YUMBO,TAT,POPAYAN,"120,699","20,117",$ 600.19,$ 600.19,$ 289.48,$ 24.93,$ 15.63,$ 3.63,$ 12.68,$ 8.30,$ 6.54,$ 20.60,$ 20.60,$ 0.00,$ 1.97,$ 4.90,$ 7.37,$ 31.51,$ 8.46,$ 0.00,$ 0.00,$ 181.11,30.18%,0,$ 0.00,$ 181.94,30.31%
